Workbook

Sheet README
A1: NileCare – ISO/IEC 27001:2022 Annex A Gap Assessment
A3: Scope | B3: All 93 Annex A controls (2022 edition), assessed against the fictional company NileCare (private clinics, Cairo, ~120 staff).
A4: Scoring | B4: Implemented = 1, Partially implemented = 0.5, Not implemented = 0. Not applicable controls are excluded from the percentage.
A5: Compliance % | B5: Sum of scores divided by number of applicable controls. A simple maturity indicator, not a certification result.
A6: Link to risks | B6: The 'Related Risks' column points to Risk IDs in the NileCare Risk Register workbook.
A7: Legend | B7: Blue text = input (edit these). Black text = formulas.
A8: Assumptions | B8: All findings are invented for practice. Statuses were set to be consistent with the risk register (e.g. no MFA, untested backups, no SIEM). Controls 8.4 and 8.25 are not applicable because NileCare has no in-house development; the booking portal is built by an external agency.

Sheet Gap Assessment
A1: Control ID | B1: Control | C1: Theme | D1: Status | E1: Score (auto) | F1: Current State | G1: Gap / Recommended Action | H1: Priority | I1: Owner | J1: Related Risks
A2: 5.1 | B2: Policies for information security | C2: Organizational | D2: Partially implemented | E2: =IF(D2="Implemented",1,IF(D2="Partially implemented",0.5,IF(D2="Not implemented",0,""))) -> 0.5 | F2: Short IT usage policy exists; no approved ISMS policy set | G2: Approve top-level information security policy and topic-specific policies; review yearly | H2: High | I2: IT Manager
A3: 5.2 | B3: Information security roles and responsibilities | C3: Organizational | D3: Not implemented | E3: =IF(D3="Implemented",1,IF(D3="Partially implemented",0.5,IF(D3="Not implemented",0,""))) -> 0 | F3: Security duties not formally assigned | G3: Define ISMS roles and owners in a RACI matrix | H3: High | I3: IT Manager
A4: 5.3 | B4: Segregation of duties | C4: Organizational | D4: Partially implemented | E4: =IF(D4="Implemented",1,IF(D4="Partially implemented",0.5,IF(D4="Not implemented",0,""))) -> 0.5 | F4: Finance approvals are segregated; IT admins can request and approve access | G4: Separate access request and approval | H4: Medium | I4: IT Manager
A5: 5.4 | B5: Management responsibilities | C5: Organizational | D5: Partially implemented | E5: =IF(D5="Implemented",1,IF(D5="Partially implemented",0.5,IF(D5="Not implemented",0,""))) -> 0.5 | F5: Management supports IT but no security objectives set | G5: Set security objectives; hold quarterly management review | H5: Medium | I5: IT Manager
A6: 5.5 | B6: Contact with authorities | C6: Organizational | D6: Not implemented | E6: =IF(D6="Implemented",1,IF(D6="Partially implemented",0.5,IF(D6="Not implemented",0,""))) -> 0 | F6: No contact list for authorities | G6: Keep contacts for EG-CERT, data protection authority and cyber police | H6: Low | I6: IT Manager
A7: 5.6 | B7: Contact with special interest groups | C7: Organizational | D7: Not implemented | E7: =IF(D7="Implemented",1,IF(D7="Partially implemented",0.5,IF(D7="Not implemented",0,""))) -> 0 | F7: No participation in security communities | G7: Join EG-CERT bulletins and healthcare security groups | H7: Low | I7: IT Manager
A8: 5.7 | B8: Threat intelligence | C8: Organizational | D8: Not implemented | E8: =IF(D8="Implemented",1,IF(D8="Partially implemented",0.5,IF(D8="Not implemented",0,""))) -> 0 | F8: No threat intelligence used | G8: Subscribe to EG-CERT and vendor advisories; review monthly | H8: Medium | I8: IT Manager
A9: 5.8 | B9: Information security in project management | C9: Organizational | D9: Not implemented | E9: =IF(D9="Implemented",1,IF(D9="Partially implemented",0.5,IF(D9="Not implemented",0,""))) -> 0 | F9: Security not part of IT project steps | G9: Add a security checklist to every IT project | H9: Low | I9: IT Manager
A10: 5.9 | B10: Inventory of information and other associated assets | C10: Organizational | D10: Partially implemented | E10: =IF(D10="Implemented",1,IF(D10="Partially implemented",0.5,IF(D10="Not implemented",0,""))) -> 0.5 | F10: Asset inventory created in this project; no maintenance process yet | G10: Assign owners and review the inventory twice a year | H10: Medium | I10: IT Manager
A11: 5.10 | B11: Acceptable use of information and other associated assets | C11: Organizational | D11: Partially implemented | E11: =IF(D11="Implemented",1,IF(D11="Partially implemented",0.5,IF(D11="Not implemented",0,""))) -> 0.5 | F11: Acceptable use text in handbook; not signed by staff | G11: Sign acceptable use policy at onboarding | H11: Low | I11: HR Manager
A12: 5.11 | B12: Return of assets | C12: Organizational | D12: Partially implemented | E12: =IF(D12="Implemented",1,IF(D12="Partially implemented",0.5,IF(D12="Not implemented",0,""))) -> 0.5 | F12: Laptops collected on exit; tokens and accounts not always | G12: Add return of assets to offboarding checklist | H12: Low | I12: HR Manager
A13: 5.12 | B13: Classification of information | C13: Organizational | D13: Not implemented | E13: =IF(D13="Implemented",1,IF(D13="Partially implemented",0.5,IF(D13="Not implemented",0,""))) -> 0 | F13: No classification scheme | G13: Adopt 4 levels: Public, Internal, Confidential, Patient-Restricted | H13: Medium | I13: Head of Medical Operations | J13: R-12
A14: 5.13 | B14: Labelling of information | C14: Organizational | D14: Not implemented | E14: =IF(D14="Implemented",1,IF(D14="Partially implemented",0.5,IF(D14="Not implemented",0,""))) -> 0 | F14: No labelling of documents or reports | G14: Label documents by classification after 5.12 is approved | H14: Low | I14: IT Manager
A15: 5.14 | B15: Information transfer | C15: Organizational | D15: Partially implemented | E15: =IF(D15="Implemented",1,IF(D15="Partially implemented",0.5,IF(D15="Not implemented",0,""))) -> 0.5 | F15: Patient reports sometimes sent by email; no secure transfer rules | G15: Define secure transfer channels and encrypted email for patient data | H15: Medium | I15: IT Manager
A16: 5.15 | B16: Access control | C16: Organizational | D16: Partially implemented | E16: =IF(D16="Implemented",1,IF(D16="Partially implemented",0.5,IF(D16="Not implemented",0,""))) -> 0.5 | F16: AD groups exist; no approved access control policy | G16: Approve access control policy (see Access_Control_Policy.md) | H16: High | I16: IT Manager | J16: R-02
A17: 5.16 | B17: Identity management | C17: Organizational | D17: Partially implemented | E17: =IF(D17="Implemented",1,IF(D17="Partially implemented",0.5,IF(D17="Not implemented",0,""))) -> 0.5 | F17: Unique IDs for staff; shared accounts at some reception desks | G17: Remove shared accounts; link IDs to HR records | H17: High | I17: IT Manager | J17: R-02
A18: 5.17 | B18: Authentication information | C18: Organizational | D18: Partially implemented | E18: =IF(D18="Implemented",1,IF(D18="Partially implemented",0.5,IF(D18="Not implemented",0,""))) -> 0.5 | F18: Password policy exists; MFA not enforced | G18: Enforce MFA and password manager guidance | H18: High | I18: IT Manager
A19: 5.18 | B19: Access rights | C19: Organizational | D19: Partially implemented | E19: =IF(D19="Implemented",1,IF(D19="Partially implemented",0.5,IF(D19="Not implemented",0,""))) -> 0.5 | F19: No periodic access review; leavers sometimes delayed | G19: Quarterly access reviews; same-day removal for leavers | H19: High | I19: IT Manager | J19: R-02
A20: 5.19 | B20: Information security in supplier relationships | C20: Organizational | D20: Not implemented | E20: =IF(D20="Implemented",1,IF(D20="Partially implemented",0.5,IF(D20="Not implemented",0,""))) -> 0 | F20: No supplier security requirements or register | G20: Create supplier register with risk tier and requirements | H20: High | I20: Procurement Manager | J20: R-06
A21: 5.20 | B21: Addressing information security within supplier agreements | C21: Organizational | D21: Not implemented | E21: =IF(D21="Implemented",1,IF(D21="Partially implemented",0.5,IF(D21="Not implemented",0,""))) -> 0 | F21: EMR vendor contract covers uptime only | G21: Add security and breach-notification clauses to vendor contracts | H21: High | I21: Procurement Manager | J21: R-06
A22: 5.21 | B22: Managing information security in the ICT supply chain | C22: Organizational | D22: Not implemented | E22: =IF(D22="Implemented",1,IF(D22="Partially implemented",0.5,IF(D22="Not implemented",0,""))) -> 0 | F22: Hardware and software suppliers not assessed | G22: Include supply chain requirements in procurement | H22: Medium | I22: Procurement Manager
A23: 5.22 | B23: Monitoring, review and change management of supplier services | C23: Organizational | D23: Not implemented | E23: =IF(D23="Implemented",1,IF(D23="Partially implemented",0.5,IF(D23="Not implemented",0,""))) -> 0 | F23: No supplier reviews | G23: Annual supplier security review for critical vendors | H23: Medium | I23: Procurement Manager
A24: 5.23 | B24: Information security for use of cloud services | C24: Organizational | D24: Not implemented | E24: =IF(D24="Implemented",1,IF(D24="Partially implemented",0.5,IF(D24="Not implemented",0,""))) -> 0 | F24: EMR and email are cloud-based; no cloud policy or exit plan | G24: Cloud usage policy with shared responsibility and exit plan | H24: High | I24: IT Manager | J24: R-06
A25: 5.24 | B25: Information security incident management planning and preparation | C25: Organizational | D25: Not implemented | E25: =IF(D25="Implemented",1,IF(D25="Partially implemented",0.5,IF(D25="Not implemented",0,""))) -> 0 | F25: No incident response plan | G25: Approve incident response policy and playbooks (see Incident_Response_Policy.md) | H25: High | I25: IT Manager
A26: 5.25 | B26: Assessment and decision on information security events | C26: Organizational | D26: Not implemented | E26: =IF(D26="Implemented",1,IF(D26="Partially implemented",0.5,IF(D26="Not implemented",0,""))) -> 0 | F26: No triage criteria | G26: Define severity levels and escalation path | H26: Medium | I26: IT Manager
A27: 5.26 | B27: Response to information security incidents | C27: Organizational | D27: Partially implemented | E27: =IF(D27="Implemented",1,IF(D27="Partially implemented",0.5,IF(D27="Not implemented",0,""))) -> 0.5 | F27: IT fixes issues ad hoc; no defined response steps | G27: Use documented response phases and roles | H27: High | I27: IT Manager
A28: 5.27 | B28: Learning from information security incidents | C28: Organizational | D28: Not implemented | E28: =IF(D28="Implemented",1,IF(D28="Partially implemented",0.5,IF(D28="Not implemented",0,""))) -> 0 | F28: No post-incident reviews | G28: Hold a review after each major incident and track actions | H28: Medium | I28: IT Manager
A29: 5.28 | B29: Collection of evidence | C29: Organizational | D29: Not implemented | E29: =IF(D29="Implemented",1,IF(D29="Partially implemented",0.5,IF(D29="Not implemented",0,""))) -> 0 | F29: No evidence handling procedure | G29: Define log and disk evidence preservation steps | H29: Low | I29: IT Manager
A30: 5.29 | B30: Information security during disruption | C30: Organizational | D30: Not implemented | E30: =IF(D30="Implemented",1,IF(D30="Partially implemented",0.5,IF(D30="Not implemented",0,""))) -> 0 | F30: Security controls not planned for outages | G30: Define minimum security controls during disruption | H30: Medium | I30: IT Manager
A31: 5.30 | B31: ICT readiness for business continuity | C31: Organizational | D31: Partially implemented | E31: =IF(D31="Implemented",1,IF(D31="Partially implemented",0.5,IF(D31="Not implemented",0,""))) -> 0.5 | F31: Backups exist; no tested DR or continuity plan | G31: Create DR plan with recovery targets; test yearly | H31: High | I31: IT Manager | J31: R-04, R-08
A32: 5.31 | B32: Legal, statutory, regulatory and contractual requirements | C32: Organizational | D32: Partially implemented | E32: =IF(D32="Implemented",1,IF(D32="Partially implemented",0.5,IF(D32="Not implemented",0,""))) -> 0.5 | F32: Aware of Egypt PDPL (Law 151 of 2020); no requirements register | G32: Maintain legal requirements register; appoint DPO | H32: High | I32: Legal and Compliance | J32: R-14
A33: 5.32 | B33: Intellectual property rights | C33: Organizational | D33: Partially implemented | E33: =IF(D33="Implemented",1,IF(D33="Partially implemented",0.5,IF(D33="Not implemented",0,""))) -> 0.5 | F33: Clinical systems licensed; workstation software not fully tracked | G33: Software license inventory and audit | H33: Low | I33: IT Manager
A34: 5.33 | B34: Protection of records | C34: Organizational | D34: Partially implemented | E34: =IF(D34="Implemented",1,IF(D34="Partially implemented",0.5,IF(D34="Not implemented",0,""))) -> 0.5 | F34: Medical records follow clinical retention rules; other records have none | G34: Retention schedule for all record types | H34: Medium | I34: Legal and Compliance
A35: 5.34 | B35: Privacy and protection of PII | C35: Organizational | D35: Not implemented | E35: =IF(D35="Implemented",1,IF(D35="Partially implemented",0.5,IF(D35="Not implemented",0,""))) -> 0 | F35: No privacy notice, consent process or breach procedure | G35: Privacy notice, consent forms, data subject request and breach process | H35: High | I35: Legal and Compliance | J35: R-14
A36: 5.35 | B36: Independent review of information security | C36: Organizational | D36: Not implemented | E36: =IF(D36="Implemented",1,IF(D36="Partially implemented",0.5,IF(D36="Not implemented",0,""))) -> 0 | F36: No internal or external audit | G36: Annual internal audit against ISO 27001 | H36: Medium | I36: IT Manager
A37: 5.36 | B37: Compliance with policies, rules and standards for information security | C37: Organizational | D37: Not implemented | E37: =IF(D37="Implemented",1,IF(D37="Partially implemented",0.5,IF(D37="Not implemented",0,""))) -> 0 | F37: No compliance checks | G37: Quarterly compliance spot-checks | H37: Medium | I37: IT Manager
A38: 5.37 | B38: Documented operating procedures | C38: Organizational | D38: Partially implemented | E38: =IF(D38="Implemented",1,IF(D38="Partially implemented",0.5,IF(D38="Not implemented",0,""))) -> 0.5 | F38: Some runbooks held by individuals | G38: Centralize and version operating procedures | H38: Medium | I38: IT Manager | J38: R-16
A39: 6.1 | B39: Screening | C39: People | D39: Implemented | E39: =IF(D39="Implemented",1,IF(D39="Partially implemented",0.5,IF(D39="Not implemented",0,""))) -> 1 | F39: Background and license checks for doctors and nurses; HR checks for all hires | G39: - | H39: - | I39: HR Manager
A40: 6.2 | B40: Terms and conditions of employment | C40: People | D40: Partially implemented | E40: =IF(D40="Implemented",1,IF(D40="Partially implemented",0.5,IF(D40="Not implemented",0,""))) -> 0.5 | F40: Contracts include confidentiality; no security responsibilities clause | G40: Add information security responsibilities to contracts | H40: Low | I40: HR Manager
A41: 6.3 | B41: Information security awareness, education and training | C41: People | D41: Not implemented | E41: =IF(D41="Implemented",1,IF(D41="Partially implemented",0.5,IF(D41="Not implemented",0,""))) -> 0 | F41: No security awareness program | G41: Annual training plus quarterly phishing simulations | H41: High | I41: HR Manager | J41: R-03
A42: 6.4 | B42: Disciplinary process | C42: People | D42: Partially implemented | E42: =IF(D42="Implemented",1,IF(D42="Partially implemented",0.5,IF(D42="Not implemented",0,""))) -> 0.5 | F42: General disciplinary process; not linked to security breaches | G42: Link policy violations to disciplinary process | H42: Low | I42: HR Manager
A43: 6.5 | B43: Responsibilities after termination or change of employment | C43: People | D43: Partially implemented | E43: =IF(D43="Implemented",1,IF(D43="Partially implemented",0.5,IF(D43="Not implemented",0,""))) -> 0.5 | F43: No checklist; access revocation varies | G43: Offboarding checklist with access revocation SLA | H43: Medium | I43: HR Manager | J43: R-16
A44: 6.6 | B44: Confidentiality or non-disclosure agreements | C44: People | D44: Implemented | E44: =IF(D44="Implemented",1,IF(D44="Partially implemented",0.5,IF(D44="Not implemented",0,""))) -> 1 | F44: NDAs signed by all employees | G44: - | H44: - | I44: HR Manager
A45: 6.7 | B45: Remote working | C45: People | D45: Not implemented | E45: =IF(D45="Implemented",1,IF(D45="Partially implemented",0.5,IF(D45="Not implemented",0,""))) -> 0 | F45: Doctors access EMR remotely; no remote work rules | G45: Remote work policy with VPN and MFA requirement | H45: Medium | I45: HR Manager
A46: 6.8 | B46: Information security event reporting | C46: People | D46: Partially implemented | E46: =IF(D46="Implemented",1,IF(D46="Partially implemented",0.5,IF(D46="Not implemented",0,""))) -> 0.5 | F46: Staff tell IT informally | G46: Single reporting channel (email and phone) with awareness | H46: Medium | I46: HR Manager
A47: 7.1 | B47: Physical security perimeters | C47: Physical | D47: Implemented | E47: =IF(D47="Implemented",1,IF(D47="Partially implemented",0.5,IF(D47="Not implemented",0,""))) -> 1 | F47: Reception desks and locked doors at all branches | G47: - | H47: - | I47: Facilities Manager
A48: 7.2 | B48: Physical entry | C48: Physical | D48: Partially implemented | E48: =IF(D48="Implemented",1,IF(D48="Partially implemented",0.5,IF(D48="Not implemented",0,""))) -> 0.5 | F48: Badge readers at HQ only; branch visitors logged on paper | G48: Extend badge or visitor log to all branches | H48: Medium | I48: Facilities Manager
A49: 7.3 | B49: Securing offices, rooms and facilities | C49: Physical | D49: Partially implemented | E49: =IF(D49="Implemented",1,IF(D49="Partially implemented",0.5,IF(D49="Not implemented",0,""))) -> 0.5 | F49: Server room locked; keys held by several people | G49: Restrict and log server room access | H49: Medium | I49: Facilities Manager
A50: 7.4 | B50: Physical security monitoring | C50: Physical | D50: Implemented | E50: =IF(D50="Implemented",1,IF(D50="Partially implemented",0.5,IF(D50="Not implemented",0,""))) -> 1 | F50: CCTV covers entrances and server room at all branches | G50: - | H50: - | I50: Facilities Manager
A51: 7.5 | B51: Protecting against physical and environmental threats | C51: Physical | D51: Partially implemented | E51: =IF(D51="Implemented",1,IF(D51="Partially implemented",0.5,IF(D51="Not implemented",0,""))) -> 0.5 | F51: Fire extinguisher only; no environmental monitoring | G51: Temperature and water sensors; fire suppression review | H51: Medium | I51: Facilities Manager | J51: R-08
A52: 7.6 | B52: Working in secure areas | C52: Physical | D52: Partially implemented | E52: =IF(D52="Implemented",1,IF(D52="Partially implemented",0.5,IF(D52="Not implemented",0,""))) -> 0.5 | F52: Medical areas controlled; rules not documented | G52: Document rules for secure areas | H52: Low | I52: Facilities Manager
A53: 7.7 | B53: Clear desk and clear screen | C53: Physical | D53: Not implemented | E53: =IF(D53="Implemented",1,IF(D53="Partially implemented",0.5,IF(D53="Not implemented",0,""))) -> 0 | F53: No clear desk or auto-lock rule | G53: Auto-lock screens at 5 minutes; clear desk rule | H53: Medium | I53: Facilities Manager
A54: 7.8 | B54: Equipment siting and protection | C54: Physical | D54: Partially implemented | E54: =IF(D54="Implemented",1,IF(D54="Partially implemented",0.5,IF(D54="Not implemented",0,""))) -> 0.5 | F54: Server rack protected; branch network cabinets unlocked | G54: Lock branch network cabinets | H54: Medium | I54: Facilities Manager
A55: 7.9 | B55: Security of assets off-premises | C55: Physical | D55: Partially implemented | E55: =IF(D55="Implemented",1,IF(D55="Partially implemented",0.5,IF(D55="Not implemented",0,""))) -> 0.5 | F55: Laptops used outside clinics without rules | G55: Rules for off-site equipment; encryption | H55: Medium | I55: IT Support Lead
A56: 7.10 | B56: Storage media | C56: Physical | D56: Not implemented | E56: =IF(D56="Implemented",1,IF(D56="Partially implemented",0.5,IF(D56="Not implemented",0,""))) -> 0 | F56: No removable media rules | G56: Block USB storage by default; approved media only | H56: Low | I56: Facilities Manager
A57: 7.11 | B57: Supporting utilities | C57: Physical | D57: Partially implemented | E57: =IF(D57="Implemented",1,IF(D57="Partially implemented",0.5,IF(D57="Not implemented",0,""))) -> 0.5 | F57: UPS covers servers; no generator | G57: Add second UPS; assess generator for HQ | H57: Medium | I57: Facilities Manager | J57: R-08
A58: 7.12 | B58: Cabling security | C58: Physical | D58: Partially implemented | E58: =IF(D58="Implemented",1,IF(D58="Partially implemented",0.5,IF(D58="Not implemented",0,""))) -> 0.5 | F58: Structured cabling at HQ; branches unlabelled | G58: Label and protect cabling at branches | H58: Low | I58: Facilities Manager
A59: 7.13 | B59: Equipment maintenance | C59: Physical | D59: Implemented | E59: =IF(D59="Implemented",1,IF(D59="Partially implemented",0.5,IF(D59="Not implemented",0,""))) -> 1 | F59: Vendor maintenance contracts for servers and medical devices | G59: - | H59: - | I59: Facilities Manager
A60: 7.14 | B60: Secure disposal or re-use of equipment | C60: Physical | D60: Partially implemented | E60: =IF(D60="Implemented",1,IF(D60="Partially implemented",0.5,IF(D60="Not implemented",0,""))) -> 0.5 | F60: Old PCs reused without verified wiping | G60: Certified wipe and disposal log | H60: Medium | I60: IT Support Lead
A61: 8.1 | B61: User endpoint devices | C61: Technological | D61: Not implemented | E61: =IF(D61="Implemented",1,IF(D61="Partially implemented",0.5,IF(D61="Not implemented",0,""))) -> 0 | F61: Laptops not encrypted; no device management | G61: Full-disk encryption and device management with remote wipe | H61: High | I61: IT Support Lead | J61: R-07
A62: 8.2 | B62: Privileged access rights | C62: Technological | D62: Not implemented | E62: =IF(D62="Implemented",1,IF(D62="Partially implemented",0.5,IF(D62="Not implemented",0,""))) -> 0 | F62: Admin accounts used for daily work | G62: Separate admin accounts; privileged access management | H62: High | I62: IT Manager | J62: R-09
A63: 8.3 | B63: Information access restriction | C63: Technological | D63: Partially implemented | E63: =IF(D63="Implemented",1,IF(D63="Partially implemented",0.5,IF(D63="Not implemented",0,""))) -> 0.5 | F63: EMR roles exist; file server shares are broad | G63: Review shares; least-privilege groups | H63: Medium | I63: IT Manager | J63: R-02
A64: 8.4 | B64: Access to source code | C64: Technological | D64: Not applicable | E64: =IF(D64="Implemented",1,IF(D64="Partially implemented",0.5,IF(D64="Not implemented",0,""))) | F64: No in-house source code; portal built by external agency (see 8.30) | G64: - | H64: - | I64: IT Manager
A65: 8.5 | B65: Secure authentication | C65: Technological | D65: Partially implemented | E65: =IF(D65="Implemented",1,IF(D65="Partially implemented",0.5,IF(D65="Not implemented",0,""))) -> 0.5 | F65: Password policy only; no MFA on email, VPN or admin accounts | G65: Enforce MFA on email, VPN and admin accounts | H65: High | I65: IT Manager | J65: R-03, R-09
A66: 8.6 | B66: Capacity management | C66: Technological | D66: Partially implemented | E66: =IF(D66="Implemented",1,IF(D66="Partially implemented",0.5,IF(D66="Not implemented",0,""))) -> 0.5 | F66: No capacity monitoring on servers | G66: Basic disk and CPU monitoring with thresholds | H66: Low | I66: IT Manager
A67: 8.7 | B67: Protection against malware | C67: Technological | D67: Partially implemented | E67: =IF(D67="Implemented",1,IF(D67="Partially implemented",0.5,IF(D67="Not implemented",0,""))) -> 0.5 | F67: Antivirus on workstations; no EDR on servers | G67: Deploy EDR on servers and laptops | H67: High | I67: IT Manager | J67: R-01
A68: 8.8 | B68: Management of technical vulnerabilities | C68: Technological | D68: Not implemented | E68: =IF(D68="Implemented",1,IF(D68="Partially implemented",0.5,IF(D68="Not implemented",0,""))) -> 0 | F68: No regular scans; patching is manual and delayed | G68: Monthly patch cycle; quarterly vulnerability scans | H68: High | I68: IT Manager | J68: R-01, R-05, R-15
A69: 8.9 | B69: Configuration management | C69: Technological | D69: Not implemented | E69: =IF(D69="Implemented",1,IF(D69="Partially implemented",0.5,IF(D69="Not implemented",0,""))) -> 0 | F69: No baseline configurations | G69: Baselines for servers, firewalls and switches | H69: Medium | I69: IT Manager
A70: 8.10 | B70: Information deletion | C70: Technological | D70: Not implemented | E70: =IF(D70="Implemented",1,IF(D70="Partially implemented",0.5,IF(D70="Not implemented",0,""))) -> 0 | F70: No deletion rules | G70: Deletion procedure following retention schedule | H70: Low | I70: IT Manager
A71: 8.11 | B71: Data masking | C71: Technological | D71: Not implemented | E71: =IF(D71="Implemented",1,IF(D71="Partially implemented",0.5,IF(D71="Not implemented",0,""))) -> 0 | F71: Patient identifiers shown in full in reports | G71: Mask identifiers in reports and test data | H71: Low | I71: IT Manager
A72: 8.12 | B72: Data leakage prevention | C72: Technological | D72: Not implemented | E72: =IF(D72="Implemented",1,IF(D72="Partially implemented",0.5,IF(D72="Not implemented",0,""))) -> 0 | F72: No DLP; data can leave via email and personal cloud | G72: DLP rules for patient identifiers on email | H72: Medium | I72: IT Manager | J72: R-12
A73: 8.13 | B73: Information backup | C73: Technological | D73: Partially implemented | E73: =IF(D73="Implemented",1,IF(D73="Partially implemented",0.5,IF(D73="Not implemented",0,""))) -> 0.5 | F73: Nightly backups; restore never tested; NAS on production network | G73: Offline or immutable copy; quarterly restore tests | H73: High | I73: IT Manager | J73: R-04
A74: 8.14 | B74: Redundancy of information processing facilities | C74: Technological | D74: Partially implemented | E74: =IF(D74="Implemented",1,IF(D74="Partially implemented",0.5,IF(D74="Not implemented",0,""))) -> 0.5 | F74: Single PACS storage node; no failover | G74: Failover for critical systems based on recovery targets | H74: Medium | I74: IT Manager | J74: R-08, R-13
A75: 8.15 | B75: Logging | C75: Technological | D75: Partially implemented | E75: =IF(D75="Implemented",1,IF(D75="Partially implemented",0.5,IF(D75="Not implemented",0,""))) -> 0.5 | F75: Logs kept on devices; not centralized or protected | G75: Centralize logs for servers, AD, firewalls and EMR access | H75: High | I75: IT Manager | J75: R-02
A76: 8.16 | B76: Monitoring activities | C76: Technological | D76: Not implemented | E76: =IF(D76="Implemented",1,IF(D76="Partially implemented",0.5,IF(D76="Not implemented",0,""))) -> 0 | F76: No monitoring or alerting | G76: Deploy SIEM and define priority alerts (failed logins, admin changes, EMR bulk access) | H76: High | I76: IT Manager | J76: R-01
A77: 8.17 | B77: Clock synchronization | C77: Technological | D77: Implemented | E77: =IF(D77="Implemented",1,IF(D77="Partially implemented",0.5,IF(D77="Not implemented",0,""))) -> 1 | F77: All servers and devices sync to AD time service | G77: - | H77: - | I77: IT Manager
A78: 8.18 | B78: Use of privileged utility programs | C78: Technological | D78: Not implemented | E78: =IF(D78="Implemented",1,IF(D78="Partially implemented",0.5,IF(D78="Not implemented",0,""))) -> 0 | F78: No restriction on admin tools | G78: Restrict admin tools to admin accounts and log use | H78: Low | I78: IT Manager
A79: 8.19 | B79: Installation of software on operational systems | C79: Technological | D79: Partially implemented | E79: =IF(D79="Implemented",1,IF(D79="Partially implemented",0.5,IF(D79="Not implemented",0,""))) -> 0.5 | F79: Users can install software on workstations | G79: Remove local admin rights; approved software list | H79: Medium | I79: IT Support Lead | J79: R-15
A80: 8.20 | B80: Networks security | C80: Technological | D80: Partially implemented | E80: =IF(D80="Implemented",1,IF(D80="Partially implemented",0.5,IF(D80="Not implemented",0,""))) -> 0.5 | F80: Firewalls at each site; flat internal network | G80: Segment network; review firewall rules | H80: High | I80: Network Administrator | J80: R-10
A81: 8.21 | B81: Security of network services | C81: Technological | D81: Partially implemented | E81: =IF(D81="Implemented",1,IF(D81="Partially implemented",0.5,IF(D81="Not implemented",0,""))) -> 0.5 | F81: ISP and VPN SLAs cover uptime only | G81: Add security requirements to network service contracts | H81: Medium | I81: Network Administrator
A82: 8.22 | B82: Segregation of networks | C82: Technological | D82: Not implemented | E82: =IF(D82="Implemented",1,IF(D82="Partially implemented",0.5,IF(D82="Not implemented",0,""))) -> 0 | F82: No VLANs for clinical, admin, POS or guest | G82: Create VLANs and inter-VLAN firewall rules | H82: High | I82: Network Administrator | J82: R-01, R-11
A83: 8.23 | B83: Web filtering | C83: Technological | D83: Not implemented | E83: =IF(D83="Implemented",1,IF(D83="Partially implemented",0.5,IF(D83="Not implemented",0,""))) -> 0 | F83: No web filtering | G83: Category-based web filtering on firewall or proxy | H83: Medium | I83: Network Administrator
A84: 8.24 | B84: Use of cryptography | C84: Technological | D84: Partially implemented | E84: =IF(D84="Implemented",1,IF(D84="Partially implemented",0.5,IF(D84="Not implemented",0,""))) -> 0.5 | F84: HTTPS on portal; laptops unencrypted; old VPN keys | G84: Cryptography policy; encrypt laptops; rotate VPN keys | H84: High | I84: IT Manager | J84: R-07, R-10
A85: 8.25 | B85: Secure development life cycle | C85: Technological | D85: Not applicable | E85: =IF(D85="Implemented",1,IF(D85="Partially implemented",0.5,IF(D85="Not implemented",0,""))) | F85: No in-house development (external agency builds the portal) | G85: - | H85: - | I85: IT Manager
A86: 8.26 | B86: Application security requirements | C86: Technological | D86: Not implemented | E86: =IF(D86="Implemented",1,IF(D86="Partially implemented",0.5,IF(D86="Not implemented",0,""))) -> 0 | F86: No security requirements for portal | G86: Define portal security requirements in agency contract | H86: Medium | I86: Digital Services Lead
A87: 8.27 | B87: Secure system architecture and engineering principles | C87: Technological | D87: Not implemented | E87: =IF(D87="Implemented",1,IF(D87="Partially implemented",0.5,IF(D87="Not implemented",0,""))) -> 0 | F87: No architecture principles | G87: Document basic architecture principles | H87: Low | I87: IT Manager
A88: 8.28 | B88: Secure coding | C88: Technological | D88: Not implemented | E88: =IF(D88="Implemented",1,IF(D88="Partially implemented",0.5,IF(D88="Not implemented",0,""))) -> 0 | F88: No secure coding requirement for agency | G88: Require OWASP-based secure coding from agency | H88: Medium | I88: Digital Services Lead | J88: R-05
A89: 8.29 | B89: Security testing in development and acceptance | C89: Technological | D89: Not implemented | E89: =IF(D89="Implemented",1,IF(D89="Partially implemented",0.5,IF(D89="Not implemented",0,""))) -> 0 | F89: No security test before release | G89: Security test before each portal release | H89: Medium | I89: Digital Services Lead
A90: 8.30 | B90: Outsourced development | C90: Technological | D90: Partially implemented | E90: =IF(D90="Implemented",1,IF(D90="Partially implemented",0.5,IF(D90="Not implemented",0,""))) -> 0.5 | F90: Agency contract exists; no security clauses | G90: Add security clauses and code review rights | H90: Medium | I90: Digital Services Lead
A91: 8.31 | B91: Separation of development, test and production environments | C91: Technological | D91: Partially implemented | E91: =IF(D91="Implemented",1,IF(D91="Partially implemented",0.5,IF(D91="Not implemented",0,""))) -> 0.5 | F91: Agency uses separate staging; not verified | G91: Verify separation during supplier review | H91: Low | I91: Digital Services Lead
A92: 8.32 | B92: Change management | C92: Technological | D92: Partially implemented | E92: =IF(D92="Implemented",1,IF(D92="Partially implemented",0.5,IF(D92="Not implemented",0,""))) -> 0.5 | F92: Changes approved verbally; no change log | G92: Change log with approval and rollback plan | H92: Medium | I92: IT Manager
A93: 8.33 | B93: Test information | C93: Technological | D93: Not implemented | E93: =IF(D93="Implemented",1,IF(D93="Partially implemented",0.5,IF(D93="Not implemented",0,""))) -> 0 | F93: Real patient data may be used for testing | G93: Use masked data for tests | H93: Low | I93: IT Manager
A94: 8.34 | B94: Protection of information systems during audit testing | C94: Technological | D94: Not implemented | E94: =IF(D94="Implemented",1,IF(D94="Partially implemented",0.5,IF(D94="Not implemented",0,""))) -> 0 | F94: No rules for audit or pentest access | G94: Define scope, timing and approval for testing | H94: Low | I94: IT Manager

Sheet Summary
A1: Theme | B1: Total Controls | C1: Applicable | D1: Implemented | E1: Partially Implemented | F1: Not Implemented | G1: Not Applicable | H1: Compliance %
A2: Organizational | B2: =COUNTIF('Gap Assessment'!$C$2:$C$94,A2) -> 37 | C2: =B2-G2 -> 37 | D2: =COUNTIFS('Gap Assessment'!$C$2:$C$94,A2,'Gap Assessment'!$D$2:$D$94,"Implemented") -> 0 | E2: =COUNTIFS('Gap Assessment'!$C$2:$C$94,A2,'Gap Assessment'!$D$2:$D$94,"Partially implemented") -> 17 | F2: =COUNTIFS('Gap Assessment'!$C$2:$C$94,A2,'Gap Assessment'!$D$2:$D$94,"Not implemented") -> 20 | G2: =COUNTIFS('Gap Assessment'!$C$2:$C$94,A2,'Gap Assessment'!$D$2:$D$94,"Not applicable") -> 0 | H2: =IFERROR(SUMIFS('Gap Assessment'!$E$2:$E$94,'Gap Assessment'!$C$2:$C$94,A2)/C2,0) -> 0.22972973
A3: People | B3: =COUNTIF('Gap Assessment'!$C$2:$C$94,A3) -> 8 | C3: =B3-G3 -> 8 | D3: =COUNTIFS('Gap Assessment'!$C$2:$C$94,A3,'Gap Assessment'!$D$2:$D$94,"Implemented") -> 2 | E3: =COUNTIFS('Gap Assessment'!$C$2:$C$94,A3,'Gap Assessment'!$D$2:$D$94,"Partially implemented") -> 4 | F3: =COUNTIFS('Gap Assessment'!$C$2:$C$94,A3,'Gap Assessment'!$D$2:$D$94,"Not implemented") -> 2 | G3: =COUNTIFS('Gap Assessment'!$C$2:$C$94,A3,'Gap Assessment'!$D$2:$D$94,"Not applicable") -> 0 | H3: =IFERROR(SUMIFS('Gap Assessment'!$E$2:$E$94,'Gap Assessment'!$C$2:$C$94,A3)/C3,0) -> 0.5
A4: Physical | B4: =COUNTIF('Gap Assessment'!$C$2:$C$94,A4) -> 14 | C4: =B4-G4 -> 14 | D4: =COUNTIFS('Gap Assessment'!$C$2:$C$94,A4,'Gap Assessment'!$D$2:$D$94,"Implemented") -> 3 | E4: =COUNTIFS('Gap Assessment'!$C$2:$C$94,A4,'Gap Assessment'!$D$2:$D$94,"Partially implemented") -> 9 | F4: =COUNTIFS('Gap Assessment'!$C$2:$C$94,A4,'Gap Assessment'!$D$2:$D$94,"Not implemented") -> 2 | G4: =COUNTIFS('Gap Assessment'!$C$2:$C$94,A4,'Gap Assessment'!$D$2:$D$94,"Not applicable") -> 0 | H4: =IFERROR(SUMIFS('Gap Assessment'!$E$2:$E$94,'Gap Assessment'!$C$2:$C$94,A4)/C4,0) -> 0.53571429
A5: Technological | B5: =COUNTIF('Gap Assessment'!$C$2:$C$94,A5) -> 34 | C5: =B5-G5 -> 32 | D5: =COUNTIFS('Gap Assessment'!$C$2:$C$94,A5,'Gap Assessment'!$D$2:$D$94,"Implemented") -> 1 | E5: =COUNTIFS('Gap Assessment'!$C$2:$C$94,A5,'Gap Assessment'!$D$2:$D$94,"Partially implemented") -> 14 | F5: =COUNTIFS('Gap Assessment'!$C$2:$C$94,A5,'Gap Assessment'!$D$2:$D$94,"Not implemented") -> 17 | G5: =COUNTIFS('Gap Assessment'!$C$2:$C$94,A5,'Gap Assessment'!$D$2:$D$94,"Not applicable") -> 2 | H5: =IFERROR(SUMIFS('Gap Assessment'!$E$2:$E$94,'Gap Assessment'!$C$2:$C$94,A5)/C5,0) -> 0.25
A6: Total | B6: =SUM(B2:B5) -> 93 | C6: =SUM(C2:C5) -> 91 | D6: =SUM(D2:D5) -> 6 | E6: =SUM(E2:E5) -> 44 | F6: =SUM(F2:F5) -> 41 | G6: =SUM(G2:G5) -> 2 | H6: =IFERROR(SUM('Gap Assessment'!$E$2:$E$94)/C6,0) -> 0.30769231
A8: Open gaps by priority | B8: Count
A9: High | B9: =COUNTIF('Gap Assessment'!$H$2:$H$94,A9) -> 26
A10: Medium | B10: =COUNTIF('Gap Assessment'!$H$2:$H$94,A10) -> 38
A11: Low | B11: =COUNTIF('Gap Assessment'!$H$2:$H$94,A11) -> 21
A12: Total open gaps | B12: =SUM(B9:B11) -> 85
A14: Note | B14: Compliance % = (Implemented x 1 + Partially x 0.5) / Applicable controls. Priority applies to open gaps only.
